id,timestamp,id,acc_x,acc_y,acc_z,gyro_x,gyro_y,gyro_z
0,1747342600270,0.0,-0.1,0.31,2.07,-114.38,47.24,-48.28
1,1747342600280,1.0,-0.1,0.31,2.07,-114.38,47.24,-48.28
2,1747342600290,2.5,0.03,0.46,2.06,-82.4,197.45,-58.9
3,1747342600300,4.0,0.03,0.46,2.06,-82.4,197.45,-58.9
4,1747342600310,5.5,0.03,0.46,2.06,-82.4,197.45,-58.9
5,1747342600320,7.5,0.03,0.46,2.06,-82.4,197.45,-58.9
6,1747342600330,9.0,-0.07,0.45,1.33,-85.08,188.35,-108.46
7,1747342600340,10.5,-0.07,0.45,1.33,-85.08,188.35,-108.46
8,1747342600350,12.5,-0.07,0.45,1.33,-85.08,188.35,-108.46
9,1747342600360,14.5,-0.015000000000000003,0.46499999999999997,1.1400000000000001,-85.08,188.35,-108.46
10,1747342600370,16.5,0.04,0.48,0.95,-99.49,117.25,-97.96
11,1747342600380,19.0,0.04,0.48,0.9499999999999998,-99.49,117.25,-97.96
12,1747342600390,21.0,0.04,0.48,0.95,-99.49,117.25,-97.96
13,1747342600400,22.5,0.04,0.48,0.95,-99.49,117.25,-97.96
14,1747342600410,24.5,0.31,0.37,0.49,-98.69,136.11,-109.86
15,1747342600420,27.0,0.31,0.36999999999999994,0.49,-98.69,136.11,-109.86
16,1747342600430,29.5,0.31,0.37,0.49,-98.69,136.11,-109.86
17,1747342600440,31.5,0.495,0.245,0.22,-134.55,180.175,-106.22999999999999
18,1747342600450,33.0,0.68,0.12,-0.05,-170.41,224.24,-102.6
19,1747342600460,34.5,0.68,0.12,-0.05,-170.41,224.24,-102.6
20,1747342600470,36.5,0.68,0.12,-0.05,-170.41,224.24,-102.6
21,1747342600480,38.5,0.47,0.44,0.09,76.9,224.79,-119.02
22,1747342600490,40.5,0.47,0.44,0.09,76.9,224.79,-119.02
23,1747342600500,42.0,0.47,0.44,0.09,76.9,224.79,-119.02
24,1747342600510,43.5,0.47,0.44,0.09,76.9,224.79,-119.02
25,1747342600520,45.0,0.21,0.48,0.0,101.07,169.62,30.76
26,1747342600530,46.0,0.21,0.48,0.0,101.07,169.62,30.76
27,1747342600540,47.5,0.21,0.48,0.0,101.07,169.62,30.76
28,1747342600550,50.0,0.44333333333333336,0.22666666666666666,0.11333333333333334,101.07,169.62,30.76
29,1747342600560,52.5,0.91,-0.28,0.34,-36.93,184.69,168.52
30,1747342600570,54.5,0.91,-0.28,0.34,-36.93,184.69,168.52
31,1747342600580,57.0,0.91,-0.28,0.34,-36.93,184.68999999999997,168.52
32,1747342600590,59.5,0.405,-0.010000000000000009,0.775,22.855,125.12,66.775
33,1747342600600,62.0,-0.10000000000000002,0.26,1.21,82.64,65.55,-34.97
34,1747342600610,64.5,-0.1,0.26,1.21,82.64,65.55,-34.97
35,1747342600620,66.5,-0.1,0.26,1.21,82.64,65.55,-34.97
36,1747342600630,68.5,-0.060000000000000005,0.395,1.0,131.315,-64.66999999999999,30.61
37,1747342600640,70.5,-0.02,0.53,0.79,179.99,-194.89,96.19
38,1747342600650,72.5,-0.02,0.53,0.79,179.99,-194.89,96.19
39,1747342600660,74.5,-0.02,0.53,0.79,179.99,-194.89,96.19
40,1747342600670,76.5,0.43,0.72,1.16,-36.19,-153.69,208.86
41,1747342600680,78.5,0.43,0.72,1.16,-36.19,-153.69,208.86
42,1747342600690,80.5,0.43,0.72,1.16,-36.19,-153.69,208.86
43,1747342600700,83.0,0.43,0.7200000000000001,1.16,-36.19,-153.69,208.86
44,1747342600710,85.5,-0.56,0.58,1.79,-80.015,-169.04,166.10500000000002
45,1747342600720,87.5,-0.56,0.58,1.79,-123.84,-184.39,123.35
46,1747342600730,90.0,-0.56,0.58,1.79,-123.83999999999999,-184.39,123.34999999999998
47,1747342600740,92.5,-0.865,0.355,1.665,-123.84,-184.39,123.35
48,1747342600750,94.5,-1.17,0.13,1.54,149.17,66.89,179.2
49,1747342600760,96.5,-1.17,0.13,1.54,149.17,66.89,179.2
50,1747342600770,99.0,-1.17,0.13,1.54,149.17,66.89,179.19999999999996
51,1747342600780,101.5,-1.5499999999999998,0.085,1.085,39.70499999999999,50.379999999999995,157.135
52,1747342600790,103.5,-1.93,0.04,0.63,-69.76,33.87,135.07
53,1747342600800,105.5,-1.93,0.04,0.63,-69.76,33.87,135.07
54,1747342600810,107.0,-1.93,0.04,0.63,-69.76,33.87,135.07
55,1747342600820,108.5,-1.98,0.085,0.645,-42.145,42.599999999999994,118.59
56,1747342600830,110.0,-2.03,0.13,0.66,-14.53,51.33,102.11
57,1747342600840,111.5,-2.03,0.13,0.66,-14.53,51.33,102.11
58,1747342600850,113.5,-2.2649999999999997,0.085,0.775,-14.53,51.33,102.11
59,1747342600860,,,,,,,
60,1747342600870,115.5,-2.5,0.04,0.89,-65.12,87.89,14.47
61,1747342600880,117.5,-2.5,0.04,0.89,-65.12,87.89,14.47
62,1747342600890,120.0,-2.5,0.04,0.89,-65.12,87.89,14.47
63,1747342600900,122.5,-2.65,0.13,1.17,-57.62,172.79,-135.74
64,1747342600910,124.5,-2.65,0.13,1.17,-57.62,172.79,-135.74
65,1747342600920,127.0,-2.65,0.13,1.17,-57.62,172.79,-135.74
66,1747342600930,129.5,-2.65,0.13,1.17,-57.62,172.79,-135.74
67,1747342600940,132.0,-2.34,0.38000000000000006,1.5,-27.626666666666665,189.15,-193.1933333333333
68,1747342600950,134.5,-2.34,0.38,1.5,-12.63,197.33,-221.92
69,1747342600960,136.5,-2.34,0.38,1.5,-12.63,197.33,-221.92
70,1747342600970,138.5,-2.34,0.38,1.5,-12.63,197.33,-221.92
71,1747342600980,140.5,-1.61,0.63,1.41,-6.29,130.62,-379.52
72,1747342600990,142.0,-1.61,0.63,1.41,-6.29,130.62,-379.52
73,1747342601000,143.5,-1.61,0.63,1.41,-6.29,130.62,-379.52
74,1747342601010,145.0,-1.61,0.63,1.41,-6.29,130.62,-379.52
75,1747342601020,146.0,-0.56,0.53,1.09,-43.03,162.84,-378.85
76,1747342601030,147.5,-0.56,0.53,1.09,-43.03,162.84,-378.85
77,1747342601040,149.5,-0.56,0.53,1.09,-43.03,162.84,-378.85
78,1747342601050,151.5,-0.16500000000000004,0.65,0.8250000000000001,-19.105,175.87,-342.595
79,1747342601060,153.5,0.23,0.77,0.56,4.82,188.9,-306.34
80,1747342601070,155.5,0.23,0.77,0.56,4.82,188.9,-306.34
81,1747342601080,157.5,0.23,0.77,0.56,4.82,188.9,-306.34
82,1747342601090,159.5,0.36,0.86,0.525,-11.965,124.17500000000001,-311.07
83,1747342601100,161.5,0.49,0.95,0.49,-28.75,59.45,-315.8
84,1747342601110,163.5,0.49,0.95,0.49,-28.75,59.45,-315.8
85,1747342601120,166.0,0.49,0.9499999999999998,0.49,-28.75,59.45000000000001,-315.8
86,1747342601130,168.5,0.505,0.79,0.435,-33.45,42.97,-289.46000000000004
87,1747342601140,170.5,0.52,0.63,0.38,-38.15,26.49,-263.12
88,1747342601150,172.5,0.52,0.63,0.38,-38.15,26.49,-263.12
89,1747342601160,175.0,0.52,0.63,0.38000000000000006,-38.15,26.49,-263.12
90,1747342601170,177.5,0.52,0.42,0.43,0.73,33.33,-112.85
91,1747342601180,179.5,0.52,0.42,0.43,0.73,33.33,-112.85
92,1747342601190,181.5,0.52,0.42,0.43,0.73,33.33,-112.85
93,1747342601200,184.0,0.52,0.42,0.43,0.73,33.33,-112.84999999999998
94,1747342601210,186.5,-0.02,0.08,0.89,-2.38,-82.34,-87.83
95,1747342601220,189.0,-0.02,0.08,0.89,-2.38,-82.34,-87.83
96,1747342601230,191.5,-0.02,0.08,0.89,-2.38,-82.34,-87.83
97,1747342601240,193.5,-0.02,0.08,0.89,-2.38,-82.34,-87.83
98,1747342601250,195.5,0.01,-0.11,0.98,92.65,-0.43,69.52
99,1747342601260,197.5,0.01,-0.11,0.98,92.65,-0.43,69.52
100,1747342601270,200.0,0.01,-0.11,0.98,92.65000000000002,-0.43,69.52
101,1747342601280,202.5,-0.009999999999999998,-0.12,0.94,118.925,-43.855000000000004,135.01
102,1747342601290,204.5,-0.03,-0.13,0.9,145.2,-87.28,200.5
103,1747342601300,206.5,-0.03,-0.13,0.9,145.2,-87.28,200.5
104,1747342601310,208.5,-0.03,-0.13,0.9,145.2,-87.28,200.5
105,1747342601320,210.5,-0.03,-0.13,0.9,145.2,-87.28,200.5
106,1747342601330,212.5,-0.55,0.04,1.41,164.31,-169.92,266.24
107,1747342601340,215.0,-0.55,0.04,1.41,164.31,-169.92,266.24
108,1747342601350,217.5,-0.55,0.04,1.41,164.31,-169.92,266.24
109,1747342601360,219.0,-0.61,0.23,1.09,164.31,-169.92,266.24
110,1747342601370,221.0,-0.61,0.23,1.09,182.74,-136.41,353.94
111,1747342601380,223.5,-0.61,0.23,1.09,182.74,-136.41,353.94
112,1747342601390,225.5,-0.61,0.23,1.09,182.74,-136.41,353.94
113,1747342601400,228.0,-0.7833333333333333,0.17,0.9633333333333334,125.16000000000001,-140.89,304.46000000000004
114,1747342601410,230.5,-0.87,0.14,0.9,96.37,-143.13,279.72
115,1747342601420,232.5,-0.87,0.14,0.9,96.37,-143.13,279.72
116,1747342601430,234.5,-0.87,0.14,0.9,96.37,-143.13,279.72
117,1747342601440,236.5,-0.75,-0.009999999999999995,0.71,91.4,-111.88,265.32
118,1747342601450,239.0,-0.63,-0.16,0.52,86.43,-80.63,250.92
119,1747342601460,241.5,-0.63,-0.16,0.52,86.43,-80.63,250.92
120,1747342601470,244.0,-0.7399999999999999,-0.17,0.6233333333333334,86.43,-80.63,250.92
121,1747342601480,246.5,-0.96,-0.19,0.83,20.75,-194.7,157.78
122,1747342601490,248.5,-0.96,-0.19,0.83,20.75,-194.7,157.78
123,1747342601500,251.0,-0.96,-0.19000000000000003,0.83,20.75,-194.69999999999996,157.78
124,1747342601510,253.5,-1.47,-0.535,1.21,21.27,-161.53,156.555
125,1747342601520,255.5,-1.98,-0.88,1.59,21.79,-128.36,155.33
126,1747342601530,257.5,-1.98,-0.88,1.59,21.79,-128.36,155.33
127,1747342601540,259.5,-1.98,-0.88,1.59,21.79,-128.36,155.33
128,1747342601550,262.0,-2.21,-0.8300000000000001,1.6166666666666665,-5.4333333333333345,-66.65333333333335,147.07000000000002
129,1747342601560,264.5,-2.67,-0.73,1.67,-59.88,56.76,130.55
130,1747342601570,266.5,-2.67,-0.73,1.67,-59.88,56.76,130.55
131,1747342601580,269.0,-2.67,-0.73,1.67,-59.88,56.76,130.55
132,1747342601590,271.5,-2.36,-0.54,1.36,-58.505,109.25,47.05500000000001
133,1747342601600,273.5,-2.36,-0.54,1.36,-57.13,161.74,-36.44
134,1747342601610,275.5,-2.36,-0.54,1.36,-57.13,161.74,-36.44
135,1747342601620,278.0,-2.36,-0.54,1.36,-57.13,161.74,-36.44
136,1747342601630,280.5,-2.4,-0.38,1.9,-52.31,135.38,-159.42
137,1747342601640,282.5,-2.4,-0.38,1.9,-52.31,135.38,-159.42
138,1747342601650,285.0,-2.4,-0.38000000000000006,1.8999999999999997,-52.31,135.38,-159.42
139,1747342601660,287.5,-2.145,-0.21,1.9,-65.005,190.155,-214.26
140,1747342601670,289.5,-1.89,-0.04,1.9,-77.7,244.93,-269.1
141,1747342601680,292.0,-1.89,-0.04,1.8999999999999997,-77.7,244.92999999999998,-269.1
142,1747342601690,294.5,-1.89,-0.04,1.9,-77.7,244.93,-269.1
143,1747342601700,296.5,-1.385,0.285,1.705,-88.775,254.27,-323.82000000000005
144,1747342601710,299.0,-0.88,0.61,1.51,-99.84999999999998,263.61,-378.54
145,1747342601720,301.5,-0.88,0.61,1.51,-99.85,263.61,-378.54
146,1747342601730,303.5,-0.88,0.61,1.51,-99.85,263.61,-378.54
147,1747342601740,305.5,-0.52,0.8200000000000001,1.3399999999999999,-117.31,264.31,-397.03499999999997
148,1747342601750,308.0,-0.16,1.03,1.17,-134.77,265.01,-415.53
149,1747342601760,310.5,-0.16,1.03,1.17,-134.77,265.01,-415.53
150,1747342601770,312.5,-0.16,1.03,1.17,-134.77,265.01,-415.53
151,1747342601780,315.0,0.22666666666666666,1.01,0.9966666666666667,-139.32333333333335,170.28333333333333,-410.5233333333333
152,1747342601790,317.5,0.42,1.0,0.91,-141.6,122.92,-408.02
153,1747342601800,320.0,0.42,1.0,0.91,-141.6,122.92,-408.02
154,1747342601810,322.0,0.42,1.0,0.91,-141.6,122.92,-408.02
155,1747342601820,323.5,0.48,0.83,0.36,-144.59,-62.87,-346.68
156,1747342601830,325.5,0.48,0.83,0.36,-144.59,-62.87,-346.68
157,1747342601840,327.5,0.48,0.83,0.36,-144.59,-62.87,-346.68
158,1747342601850,330.0,0.5,0.85,0.36999999999999994,-111.16333333333334,-57.25333333333333,-291.36333333333334
159,1747342601860,332.5,0.54,0.89,0.39,-44.31,-46.02,-180.73
160,1747342601870,334.0,0.54,0.89,0.39,-44.31,-46.02,-180.73
161,1747342601880,336.0,0.54,0.89,0.38999999999999996,-44.31,-46.02,-180.73
162,1747342601890,338.5,0.385,0.79,0.505,13.884999999999998,-11.045000000000002,-113.03999999999999
163,1747342601900,340.5,0.23,0.69,0.62,72.08,23.93,-45.35
164,1747342601910,342.5,0.23,0.69,0.62,72.08,23.93,-45.35
165,1747342601920,344.5,0.23,0.69,0.62,72.08,23.93,-45.35
166,1747342601930,347.0,0.21666666666666667,0.6966666666666667,0.6666666666666666,176.16666666666666,55.13666666666666,91.65666666666668
167,1747342601940,350.0,0.21,0.6999999999999998,0.69,228.21,70.74,160.16
168,1747342601950,352.5,0.21,0.7,0.69,228.21,70.74,160.16
169,1747342601960,354.0,0.21,0.7,0.69,228.21,70.74,160.16
170,1747342601970,355.5,0.08499999999999999,0.685,0.885,267.335,36.714999999999996,231.07999999999998
171,1747342601980,357.5,-0.04,0.67,1.08,306.46,2.69,302.0
172,1747342601990,359.0,-0.04,0.67,1.08,306.46,2.69,302.0
173,1747342602000,360.5,-0.27,0.8049999999999999,1.365,306.46,2.69,302.0
174,1747342602010,362.0,-0.5,0.94,1.65,260.68,-120.85,398.8
175,1747342602020,363.5,-0.5,0.94,1.65,260.68,-120.85,398.8
176,1747342602030,365.0,-0.5,0.94,1.65,260.68,-120.85,398.8
177,1747342602040,366.5,-0.5,0.94,1.65,260.68,-120.85,398.8
178,1747342602050,368.5,-0.63,0.66,1.74,293.4,-164.12,346.8
179,1747342602060,370.5,-0.63,0.66,1.74,293.4,-164.12,346.8
180,1747342602070,372.5,-0.63,0.66,1.74,293.4,-164.12,346.8
181,1747342602080,374.0,-0.63,0.66,1.74,293.4,-164.12,346.8
182,1747342602090,375.5,-0.73,0.36,1.42,197.51,-171.87,301.39
183,1747342602100,377.5,-0.73,0.36,1.42,197.51,-171.87,301.39
184,1747342602110,379.5,-0.73,0.36,1.42,197.51,-171.87,301.39
185,1747342602120,,,,,,,
186,1747342602130,,,,,,,
187,1747342602140,381.0,-0.95,0.21,1.54,206.24,-126.28,319.95
188,1747342602150,382.0,-0.95,0.21,1.54,206.24,-126.28,319.95
189,1747342602160,383.0,-1.25,0.14,1.81,128.78,-277.4,59.33
190,1747342602170,384.0,-1.25,0.14,1.81,128.78,-277.4,59.33
191,1747342602180,385.5,-1.25,0.14,1.81,128.78,-277.4,59.33
192,1747342602190,387.5,-1.25,0.14,1.81,128.78,-277.4,59.33
193,1747342602200,389.5,-1.86,-0.69,2.65,74.58,-103.33,125.12
194,1747342602210,391.0,-1.86,-0.69,2.65,74.58,-103.33,125.12
195,1747342602220,392.5,-1.86,-0.69,2.65,74.58,-103.33,125.12
196,1747342602230,394.5,-1.7200000000000002,-0.615,2.31,74.58,-103.33,125.12
197,1747342602240,396.0,-1.58,-0.54,1.97,51.39,53.22,39.12
198,1747342602250,397.5,-1.58,-0.54,1.97,51.39,53.22,39.12
199,1747342602260,399.5,-1.58,-0.54,1.97,51.39,53.22,39.12
200,1747342602270,401.0,-1.58,-0.54,1.97,51.39,53.22,39.12
201,1747342602280,402.5,-1.16,-0.44,2.1,-10.375,-5.100000000000001,-49.47
202,1747342602290,404.0,-1.16,-0.44,2.1,-72.14,-63.42,-138.06
203,1747342602300,405.5,-1.16,-0.44,2.1,-72.14,-63.42,-138.06
204,1747342602310,407.0,-1.16,-0.44,2.1,-72.14,-63.42,-138.06
205,1747342602320,408.5,-0.91,-0.33,2.36,-88.13,-37.11,-247.8
206,1747342602330,410.5,-0.91,-0.33,2.36,-88.13,-37.11,-247.8
207,1747342602340,412.0,-0.91,-0.33,2.36,-88.13,-37.11,-247.8
208,1747342602350,413.5,-0.91,-0.33,2.36,-88.13,-37.11,-247.8
209,1747342602360,415.5,-0.59,0.07,2.22,-189.88,59.14,-234.56
210,1747342602370,417.5,-0.59,0.07,2.22,-189.88,59.14,-234.56
211,1747342602380,419.5,-0.59,0.07,2.22,-189.88,59.14,-234.56
212,1747342602390,421.5,-0.45499999999999996,0.31999999999999995,1.98,-236.265,47.055,-254.7
213,1747342602400,423.0,-0.32,0.57,1.74,-282.65,34.97,-274.84
214,1747342602410,424.5,-0.32,0.57,1.74,-282.65,34.97,-274.84
215,1747342602420,426.0,-0.32,0.57,1.74,-282.65,34.97,-274.84
216,1747342602430,427.5,-0.24,1.31,1.54,-336.945,-15.445,-295.55999999999995
217,1747342602440,429.5,-0.24,1.31,1.54,-391.24,-65.86,-316.28
218,1747342602450,431.5,-0.24,1.31,1.54,-391.24,-65.86,-316.28
219,1747342602460,433.5,-0.24,1.31,1.54,-391.24,-65.86,-316.28
220,1747342602470,435.5,-0.22499999999999998,1.375,1.3399999999999999,-393.86,-64.33500000000001,-294.89
221,1747342602480,438.0,-0.21,1.4400000000000002,1.14,-396.48,-62.81,-273.5
222,1747342602490,440.5,-0.21,1.44,1.14,-396.48,-62.81,-273.5
223,1747342602500,443.0,-0.21,1.4400000000000002,1.14,-396.48,-62.81,-273.5
224,1747342602510,445.5,-0.02,1.07,0.46,-348.75,-51.76,-153.93
225,1747342602520,447.5,-0.02,1.07,0.46,-348.75,-51.76,-153.93
226,1747342602530,450.0,-0.02,1.07,0.46,-348.75,-51.76,-153.93
227,1747342602540,452.5,-0.02,1.07,0.46,-348.75,-51.76,-153.93
228,1747342602550,454.5,0.18,0.57,0.01,-291.96,-89.875,-147.585
229,1747342602560,456.5,0.18,0.57,0.01,-235.17,-127.99,-141.24
230,1747342602570,459.0,0.18000000000000002,0.57,0.01,-235.17,-127.99,-141.24
231,1747342602580,461.5,0.18,0.57,0.01,-235.17,-127.99,-141.24
232,1747342602590,463.5,0.23,0.84,0.19,-30.64,-91.25,-44.86
233,1747342602600,466.0,0.23,0.84,0.19000000000000003,-30.64,-91.25,-44.85999999999999
234,1747342602610,468.5,0.23,0.84,0.19,-30.64,-91.25,-44.86
235,1747342602620,470.5,0.23,0.84,0.19,-30.64,-91.25,-44.86
236,1747342602630,473.0,0.08,1.01,0.21,69.34,-5.98,19.04
237,1747342602640,475.5,0.08,1.01,0.21,69.34,-5.98,19.04
238,1747342602650,477.5,0.08,1.01,0.21,69.34,-5.98,19.04
239,1747342602660,480.0,0.20000000000000004,0.89,0.056666666666666664,131.0666666666667,56.23333333333333,75.66000000000001
240,1747342602670,482.5,0.26,0.83,-0.02,254.52,180.66,188.9
241,1747342602680,484.5,0.26,0.83,-0.02,254.52,180.66,188.9
242,1747342602690,486.0,0.26,0.83,-0.02,254.52,180.66,188.9
243,1747342602700,,,,,,,
244,1747342602710,,,,,,,
245,1747342602720,,,,,,,
246,1747342602730,,,,,,,
247,1747342602740,,,,,,,
248,1747342602750,,,,,,,
249,1747342602760,,,,,,,
250,1747342602770,,,,,,,
251,1747342602780,,,,,,,
252,1747342602790,,,,,,,
253,1747342602800,,,,,,,
254,1747342602810,,,,,,,
255,1747342602820,,,,,,,
256,1747342602830,,,,,,,
257,1747342602840,,,,,,,
258,1747342602850,,,,,,,
259,1747342602860,,,,,,,
260,1747342602870,,,,,,,
261,1747342602880,,,,,,,
262,1747342602890,,,,,,,
263,1747342602900,,,,,,,
264,1747342602910,,,,,,,
265,1747342602920,,,,,,,
266,1747342602930,,,,,,,
267,1747342602940,,,,,,,
268,1747342602950,,,,,,,
269,1747342602960,,,,,,,
270,1747342602970,,,,,,,
271,1747342602980,,,,,,,
272,1747342602990,,,,,,,
273,1747342603000,,,,,,,
274,1747342603010,,,,,,,
275,1747342603020,,,,,,,
276,1747342603030,487.5,-0.67,-0.51,2.53,-162.35,42.3,-85.88
277,1747342603040,489.5,-0.67,-0.51,2.53,-162.35,42.3,-85.88
278,1747342603050,491.5,-0.37,-0.19,1.76,-219.73,77.58,-119.57
279,1747342603060,493.5,-0.37,-0.19,1.76,-219.73,77.58,-119.57
280,1747342603070,,,,,,,
281,1747342603080,495.5,-0.43,0.04500000000000001,1.585,-245.45499999999998,103.48499999999999,-168.61
282,1747342603090,497.5,-0.49,0.28,1.41,-271.18,129.39,-217.65
283,1747342603100,499.5,-0.49,0.28,1.41,-271.18,129.39,-217.65
284,1747342603110,501.5,-0.49,0.28,1.41,-271.18,129.39,-217.65
285,1747342603120,504.0,-0.49,0.68,1.2233333333333334,-282.5733333333333,95.41666666666667,-255.10666666666665
286,1747342603130,506.5,-0.49,0.88,1.13,-305.36,27.47,-330.02
287,1747342603140,508.5,-0.49,0.88,1.13,-305.36,27.47,-330.02
288,1747342603150,510.5,-0.49,0.88,1.13,-305.36,27.47,-330.02
289,1747342603160,512.5,-0.46499999999999997,0.99,1.01,-303.83500000000004,-16.355,-329.65
290,1747342603170,515.0,-0.44,1.1,0.89,-302.31,-60.18,-329.28
291,1747342603180,517.5,-0.44,1.1,0.89,-302.31,-60.18,-329.28
292,1747342603190,519.5,-0.44,1.1,0.89,-302.31,-60.18,-329.28
293,1747342603200,521.5,-0.26,0.74,0.53,-238.59,-131.1,-253.72
294,1747342603210,524.0,-0.26,0.7399999999999999,0.53,-238.59,-131.1,-253.72
295,1747342603220,526.5,-0.26,0.74,0.53,-238.59,-131.1,-253.72
296,1747342603230,528.5,-0.26,0.74,0.53,-238.59,-131.1,-253.72
297,1747342603240,530.5,0.16,0.45,0.25,-117.49,-122.01,-178.89
298,1747342603250,532.5,0.16,0.45,0.25,-117.49,-122.01,-178.89
299,1747342603260,535.0,0.16,0.45,0.25,-117.49,-122.01,-178.89
300,1747342603270,537.5,0.16,0.45,0.25,-117.49,-122.01,-178.89
301,1747342603280,540.0,0.07,0.89,0.38000000000000006,-78.49,-44.68,-34.85
302,1747342603290,543.0,0.07,0.89,0.38000000000000006,-78.49,-44.68,-34.85
303,1747342603300,545.5,0.07,0.89,0.38,-78.49,-44.68,-34.85
304,1747342603310,548.0,0.030000000000000002,0.9166666666666666,0.24333333333333332,-32.61333333333333,4.819999999999998,2.1366666666666654
305,1747342603320,550.5,-0.05,0.97,-0.03,59.14,103.82,76.11
306,1747342603330,552.5,-0.05,0.97,-0.03,59.14,103.82,76.11
307,1747342603340,555.0,-0.05000000000000001,0.9700000000000001,-0.03,59.14000000000001,103.82,76.11
308,1747342603350,558.0,0.09666666666666668,0.7566666666666667,0.31,110.49333333333334,127.56333333333333,85.95666666666666
309,1747342603360,560.5,0.17,0.65,0.48,213.2,175.05,105.65
310,1747342603370,563.0,0.17,0.65,0.48,213.19999999999996,175.05000000000004,105.65000000000002
311,1747342603380,565.5,0.17,0.65,0.48,213.2,175.05,105.65
312,1747342603390,567.5,0.015,0.8,0.6499999999999999,192.445,134.86,165.345
313,1747342603400,569.5,-0.14,0.95,0.82,171.69,94.67,225.04
314,1747342603410,571.5,-0.14,0.95,0.82,171.69,94.67,225.04
315,1747342603420,574.0,-0.14,0.9499999999999998,0.82,171.68999999999997,94.67,225.04
316,1747342603430,576.5,-0.12,0.49,1.08,202.60500000000002,84.84,192.995
317,1747342603440,579.0,-0.12,0.49,1.08,233.52,75.01,160.95
318,1747342603450,581.5,-0.12,0.49,1.08,233.52,75.01,160.95
319,1747342603460,584.0,-0.12,0.49,1.08,233.52,75.01,160.95
320,1747342603470,586.5,-0.25,0.73,0.9,154.72,67.38,166.63
321,1747342603480,589.0,-0.25,0.73,0.9,154.72,67.38,166.63
322,1747342603490,591.5,-0.25,0.73,0.9,154.72,67.38,166.63
323,1747342603500,594.0,-0.2833333333333333,0.6033333333333334,0.96,154.72,67.38,166.63
324,1747342603510,596.5,-0.35,0.35,1.08,239.2,-29.24,173.71
325,1747342603520,598.5,-0.35,0.35,1.08,239.2,-29.24,173.71
326,1747342603530,601.0,-0.3499999999999999,0.3499999999999999,1.08,239.19999999999996,-29.24,173.71
327,1747342603540,603.5,-0.35,0.35,1.08,239.2,-29.24,173.71
328,1747342603550,606.0,-0.7399999999999999,-0.13,2.56,204.04,-96.62,138.0
329,1747342603560,609.0,-0.7399999999999999,-0.13,2.56,204.04,-96.62,138.0
330,1747342603570,611.5,-0.74,-0.13,2.56,204.04,-96.62,138.0
331,1747342603580,614.0,-0.7533333333333333,-0.44333333333333336,2.796666666666667,210.47,-78.10666666666667,115.29666666666667
332,1747342603590,616.5,-0.78,-1.07,3.27,223.33,-41.08,69.89
333,1747342603600,619.0,-0.7799999999999999,-1.07,3.27,223.33,-41.08,69.89
334,1747342603610,621.5,-0.78,-1.07,3.27,223.33,-41.08,69.89
335,1747342603620,623.5,-0.8200000000000001,-1.21,3.115,108.89,41.84,105.595
336,1747342603630,626.0,-0.86,-1.3500000000000003,2.9599999999999995,-5.55,124.76,141.3
337,1747342603640,629.0,-0.86,-1.3500000000000003,2.9599999999999995,-5.55,124.76,141.3
338,1747342603650,631.5,-0.86,-1.35,2.96,-5.55,124.76,141.3
339,1747342603660,634.0,-1.0733333333333333,-1.2966666666666666,2.513333333333333,-25.083333333333332,115.52,13.24666666666667
340,1747342603670,636.5,-1.18,-1.27,2.29,-34.85,110.9,-50.78
341,1747342603680,639.0,-1.18,-1.27,2.29,-34.85,110.90000000000002,-50.78
342,1747342603690,642.0,-1.18,-1.27,2.29,-34.85,110.90000000000002,-50.78
343,1747342603700,644.5,-0.87,-0.79,2.04,-152.28,26.43,-166.2
344,1747342603710,647.0,-0.87,-0.79,2.04,-152.28,26.429999999999996,-166.2
345,1747342603720,649.5,-0.87,-0.79,2.04,-152.28,26.43,-166.2
346,1747342603730,652.0,-0.85,-0.5833333333333334,1.9266666666666667,-152.28,26.429999999999996,-166.2
347,1747342603740,654.5,-0.81,-0.17,1.7,-255.55,-26.92,-239.2
348,1747342603750,657.0,-0.81,-0.17,1.7,-255.55000000000004,-26.92,-239.19999999999996
349,1747342603760,659.5,-0.81,-0.17,1.7,-255.55,-26.92,-239.2
350,1747342603770,662.0,-0.7433333333333333,0.08999999999999998,1.57,-255.55000000000004,-26.92,-239.19999999999996
351,1747342603780,665.0,-0.61,0.61,1.31,-292.36,-91.31,-315.92
352,1747342603790,667.5,-0.61,0.61,1.31,-292.36,-91.31,-315.92
353,1747342603800,670.0,-0.61,0.61,1.31,-292.36,-91.31,-315.92
354,1747342603810,672.5,-0.6499999999999999,0.8899999999999999,1.12,-300.54,-107.025,-323.76
355,1747342603820,675.0,-0.69,1.17,0.93,-308.72,-122.74,-331.6
356,1747342603830,677.5,-0.69,1.17,0.93,-308.72,-122.74,-331.6
357,1747342603840,679.5,-0.69,1.17,0.93,-308.72,-122.74,-331.6
358,1747342603850,682.0,-0.49666666666666665,1.0233333333333332,0.6433333333333334,-258.09999999999997,-214.78,-286.71999999999997
359,1747342603860,684.5,-0.4,0.95,0.5,-232.79,-260.8,-264.28
360,1747342603870,687.0,-0.4000000000000001,0.9499999999999998,0.5,-232.79,-260.8,-264.28
361,1747342603880,689.5,-0.4,0.95,0.5,-232.79,-260.8,-264.28
362,1747342603890,692.0,-0.12666666666666668,0.5766666666666667,0.22,-148.84333333333333,-231.06000000000003,-196.9
363,1747342603900,695.0,0.01,0.38999999999999996,0.08,-106.87,-216.18999999999997,-163.21
364,1747342603910,697.5,0.01,0.39,0.08,-106.87,-216.19,-163.21
365,1747342603920,699.5,0.01,0.39,0.08,-106.87,-216.19,-163.21
366,1747342603930,702.0,-0.18000000000000002,0.87,0.33,-87.05666666666667,-71.65666666666667,-63.27666666666667
367,1747342603940,704.0,-0.18,0.87,0.33,-77.15,0.61,-13.31
368,1747342603950,705.5,-0.18,0.87,0.33,-77.15,0.61,-13.31
369,1747342603960,708.0,-0.20666666666666667,0.9266666666666667,0.12000000000000001,-40.95666666666667,32.18666666666667,10.516666666666667
370,1747342603970,710.5,-0.26,1.04,-0.3,31.43,95.34,58.17
371,1747342603980,713.0,-0.26,1.04,-0.3,31.429999999999996,95.33999999999999,58.169999999999995
372,1747342603990,715.5,-0.26,1.04,-0.3,31.43,95.34,58.17
373,1747342604000,717.5,-0.0050000000000000044,0.915,-0.07999999999999999,31.43,95.34,58.17
374,1747342604010,720.0,0.25,0.79,0.14,186.1,132.51,97.34999999999998
375,1747342604020,722.5,0.25,0.79,0.14,186.1,132.51,97.35
376,1747342604030,724.5,0.25,0.79,0.14,186.1,132.51,97.35
377,1747342604040,727.0,0.03666666666666666,0.9900000000000001,0.5666666666666668,198.44666666666663,121.17666666666666,131.73333333333332
378,1747342604050,729.5,-0.07,1.09,0.78,223.14,98.51,200.5
379,1747342604060,732.0,-0.07,1.09,0.7799999999999999,223.14,98.51,200.5
380,1747342604070,734.5,-0.07,1.09,0.78,223.14,98.51,200.5
381,1747342604080,736.5,-0.14500000000000002,0.93,1.02,227.505,99.45500000000001,199.19
382,1747342604090,739.0,-0.22,0.77,1.26,231.87,100.40000000000002,197.88
383,1747342604100,742.0,-0.22,0.77,1.26,231.87,100.40000000000002,197.88
384,1747342604110,744.5,-0.22,0.77,1.26,231.87,100.4,197.88
385,1747342604120,746.5,-0.21000000000000002,0.685,1.175,187.865,116.33,245.975
386,1747342604130,749.0,-0.20000000000000004,0.6,1.09,143.86,132.26,294.07
387,1747342604140,752.0,-0.20000000000000004,0.6,1.09,143.86,132.26,294.07
388,1747342604150,754.5,-0.2,0.6,1.09,143.86,132.26,294.07
389,1747342604160,756.5,-0.48,0.55,1.23,167.05,64.7,314.03
390,1747342604170,759.0,-0.48,0.55,1.23,167.05,64.7,314.03
391,1747342604180,762.0,-0.48,0.55,1.23,167.05,64.7,314.03
392,1747342604190,764.5,-0.48,0.55,1.23,167.05,64.7,314.03
393,1747342604200,767.0,-0.87,0.07,2.41,209.65666666666667,-34.42,250.47
394,1747342604210,770.0,-0.87,0.07,2.41,230.96,-83.98,218.68999999999997
395,1747342604220,772.5,-0.87,0.07,2.41,230.96,-83.98,218.69
396,1747342604230,775.0,-0.87,0.07,2.41,230.96,-83.98,218.68999999999997
397,1747342604240,778.0,-0.96,-0.54,3.19,156.68,-16.17,222.29
398,1747342604250,780.5,-0.96,-0.54,3.19,156.68,-16.17,222.29
399,1747342604260,783.0,-0.96,-0.54,3.19,156.68,-16.17,222.29
400,1747342604270,785.5,-1.155,-0.92,3.04,89.755,12.36,210.695
401,1747342604280,788.0,-1.3500000000000003,-1.3,2.89,22.83,40.89,199.1
402,1747342604290,790.5,-1.35,-1.3,2.89,22.83,40.89,199.1
403,1747342604300,793.0,-1.3500000000000003,-1.3,2.89,22.83,40.89,199.1
404,1747342604310,796.0,-1.3766666666666667,-1.4800000000000002,2.6833333333333336,-46.06333333333333,37.31,70.02666666666666
405,1747342604320,798.5,-1.39,-1.57,2.58,-80.51,35.52,5.49
406,1747342604330,800.5,-1.39,-1.57,2.58,-80.51,35.52,5.49
407,1747342604340,803.0,-1.39,-1.57,2.58,-80.51,35.52,5.489999999999999
408,1747342604350,805.5,-1.1099999999999999,-1.3250000000000002,2.035,-150.85,56.67,-45.99
409,1747342604360,808.0,-0.83,-1.08,1.49,-221.18999999999997,77.82,-97.46999999999998
410,1747342604370,810.5,-0.83,-1.08,1.49,-221.19,77.82,-97.47
411,1747342604380,813.0,-0.83,-1.08,1.49,-221.18999999999997,77.82,-97.46999999999998
412,1747342604390,815.5,-0.82,-0.57,1.3,-275.02,173.65,-181.88
413,1747342604400,818.0,-0.82,-0.57,1.3,-275.02,173.65,-181.88
414,1747342604410,820.5,-0.82,-0.57,1.3,-275.02,173.65,-181.88
415,1747342604420,823.0,-0.79,-0.2766666666666666,1.2933333333333332,-275.02,173.65,-181.88
416,1747342604430,825.5,-0.73,0.31,1.28,-291.5,73.36,-332.03
417,1747342604440,827.5,-0.73,0.31,1.28,-291.5,73.36,-332.03
418,1747342604450,829.5,-0.73,0.31,1.28,-291.5,73.36,-332.03
419,1747342604460,832.0,-0.6766666666666666,0.48666666666666664,1.2433333333333334,-290.77,67.60333333333334,-351.78666666666663
420,1747342604470,834.5,-0.57,0.84,1.17,-289.31,56.09,-391.3
421,1747342604480,837.0,-0.57,0.84,1.17,-289.31,56.09,-391.3
422,1747342604490,839.5,-0.57,0.84,1.17,-289.31,56.09,-391.3
423,1747342604500,842.0,-0.4066666666666667,0.8166666666666668,1.2233333333333334,-272.26,15.603333333333333,-377.56666666666666
424,1747342604510,845.0,-0.08,0.77,1.33,-238.16,-65.37,-350.1000000000001
425,1747342604520,847.5,-0.08,0.77,1.33,-238.16,-65.37,-350.1
426,1747342604530,850.0,-0.08,0.77,1.33,-238.16,-65.37,-350.1000000000001
427,1747342604540,852.5,0.19,0.36,0.76,-221.13,-124.635,-265.84000000000003
428,1747342604550,854.5,0.19,0.36,0.76,-204.1,-183.9,-181.58
429,1747342604560,856.5,0.19,0.36,0.76,-204.1,-183.9,-181.58
430,1747342604570,859.0,0.19000000000000003,0.36000000000000004,0.7600000000000001,-204.1,-183.9,-181.58
431,1747342604580,862.0,-0.03000000000000001,0.7400000000000001,0.5666666666666667,-142.9466666666667,-54.26,-72.40666666666668
432,1747342604590,864.5,-0.14,0.93,0.47,-112.37,10.56,-17.82
433,1747342604600,866.5,-0.14,0.93,0.47,-112.37,10.56,-17.82
434,1747342604610,869.0,-0.14,0.93,0.47,-112.37,10.56,-17.82
435,1747342604620,872.0,-0.04,0.91,0.16333333333333333,-12.923333333333337,41.60666666666667,32.593333333333334
436,1747342604630,874.5,0.01,0.9,0.01,36.8,57.13,57.8
437,1747342604640,877.0,0.01,0.9,0.01,36.8,57.13,57.79999999999999
438,1747342604650,879.5,0.01,0.9,0.01,36.8,57.13,57.8
439,1747342604660,882.0,0.12333333333333334,0.9333333333333332,-0.01,158.62666666666667,40.49,89.66000000000001
440,1747342604670,884.5,0.18,0.95,-0.02,219.54,32.17,105.59
441,1747342604680,886.5,0.18,0.95,-0.02,219.54,32.17,105.59
442,1747342604690,889.0,0.18000000000000002,0.9499999999999998,-0.02,219.54,32.17,105.58999999999999
443,1747342604700,892.0,-0.05000000000000001,1.14,0.7399999999999999,237.48666666666668,80.75,181.3166666666667
444,1747342604710,894.5,-0.05,1.14,0.74,246.46,105.04,219.18
445,1747342604720,897.0,-0.05000000000000001,1.14,0.7399999999999999,246.46,105.04,219.17999999999998
446,1747342604730,899.5,-0.05,1.14,0.74,246.46,105.04,219.18
447,1747342604740,902.0,-0.33,0.98,0.81,241.39,81.67,267.58
448,1747342604750,905.0,-0.33,0.98,0.81,241.39,81.67,267.58
449,1747342604760,907.5,-0.33,0.98,0.81,241.39,81.67,267.58
450,1747342604770,909.5,-0.41000000000000003,0.915,0.985,241.39,81.67,267.58
451,1747342604780,912.0,-0.49,0.85,1.16,229.80000000000004,83.31,277.65
452,1747342604790,914.5,-0.49,0.85,1.16,229.8,83.31,277.65
453,1747342604800,917.0,-0.49,0.85,1.16,229.80000000000004,83.31,277.65
454,1747342604810,920.0,-0.7033333333333335,0.5966666666666667,1.4000000000000001,222.84,17.596666666666668,293.47666666666663
455,1747342604820,922.5,-0.81,0.47,1.52,219.36,-15.26,301.39
456,1747342604830,925.0,-0.81,0.47,1.5200000000000002,219.36,-15.26,301.39
457,1747342604840,927.5,-0.81,0.47,1.52,219.36,-15.26,301.39
458,1747342604850,930.0,-1.58,-0.55,2.58,255.57333333333335,-72.96,242.26999999999998
459,1747342604860,932.5,-1.58,-0.55,2.58,273.68,-101.81,212.71
460,1747342604870,934.5,-1.58,-0.55,2.58,273.68,-101.81,212.71
461,1747342604880,937.0,-1.58,-0.55,2.58,273.68,-101.81,212.71
462,1747342604890,939.5,-1.56,-1.38,3.26,128.66,-111.39,123.29
463,1747342604900,942.0,-1.5599999999999998,-1.38,3.26,128.66,-111.39,123.29
464,1747342604910,945.0,-1.5599999999999998,-1.38,3.26,128.66,-111.39,123.29
465,1747342604920,947.5,-1.56,-1.38,3.26,128.66,-111.39,123.29
466,1747342604930,950.0,-1.51,-1.7299999999999998,2.45,-48.46,125.61,161.8
467,1747342604940,952.5,-1.51,-1.73,2.45,-48.46,125.61,161.8
468,1747342604950,955.0,-1.51,-1.7299999999999998,2.45,-48.46,125.61,161.8
469,1747342604960,957.5,-1.51,-1.73,2.45,-48.46,125.61,161.8
470,1747342604970,959.5,-1.54,-1.49,2.12,-88.13,-10.19,-61.89
471,1747342604980,961.5,-1.54,-1.49,2.12,-88.13,-10.19,-61.89
472,1747342604990,964.0,-1.54,-1.49,2.12,-88.13,-10.19,-61.89000000000001
473,1747342605000,966.5,-1.3,-1.195,1.975,-125.515,-12.33,-119.75
474,1747342605010,969.0,-1.06,-0.9,1.83,-162.9,-14.47,-177.61
475,1747342605020,971.5,-1.06,-0.9,1.83,-162.9,-14.47,-177.61
476,1747342605030,974.0,-1.06,-0.9,1.83,-162.9,-14.47,-177.61
477,1747342605040,976.5,-0.915,-0.665,1.7000000000000002,-198.06,10.86,-197.41500000000002
478,1747342605050,979.0,-0.77,-0.43,1.57,-233.22,36.19,-217.22
479,1747342605060,981.5,-0.77,-0.43,1.57,-233.22,36.19,-217.22
480,1747342605070,984.0,-0.77,-0.43,1.57,-233.22,36.19,-217.22
481,1747342605080,987.0,-0.57,0.25,1.64,-279.52000000000004,21.256666666666664,-259.9866666666667
482,1747342605090,989.5,-0.57,0.25,1.64,-302.67,13.79,-281.37
483,1747342605100,991.5,-0.57,0.25,1.64,-302.67,13.79,-281.37
484,1747342605110,994.0,-0.57,0.25,1.64,-302.67,13.79,-281.37
485,1747342605120,996.5,-0.32,0.93,1.28,-323.36,-49.07,-264.4
486,1747342605130,999.0,-0.32,0.93,1.28,-323.36,-49.07,-264.4
487,1747342605140,1001.5,-0.32,0.93,1.28,-323.36,-49.07,-264.4
488,1747342605150,1003.5,-0.32,0.93,1.28,-323.36,-49.07,-264.4
489,1747342605160,1006.0,0.0,1.16,0.9,-277.8333333333333,-54.11666666666667,-195.4333333333333
490,1747342605170,1009.0,0.0,1.16,0.9,-255.07000000000002,-56.64000000000001,-160.95
491,1747342605180,1011.5,0.0,1.16,0.9,-255.07,-56.64,-160.95
492,1747342605190,1014.0,-0.07333333333333333,1.14,0.7833333333333333,-255.07000000000002,-56.64000000000001,-160.95
493,1747342605200,1017.0,-0.22,1.1,0.55,-209.35,31.92,-16.91
494,1747342605210,1019.5,-0.22,1.1,0.55,-209.35,31.92,-16.91
495,1747342605220,1022.0,-0.22,1.1,0.55,-209.35,31.92,-16.91
496,1747342605230,1024.5,-0.21000000000000002,1.395,0.34500000000000003,-209.35,31.92,-16.91
497,1747342605240,1027.0,-0.20000000000000004,1.6900000000000002,0.14,-66.16,57.37,-11.410000000000002
498,1747342605250,1029.5,-0.2,1.69,0.14,-66.16,57.37,-11.41
499,1747342605260,1032.0,-0.20000000000000004,1.6900000000000002,0.14,-66.16,57.37,-11.410000000000002
500,1747342605270,1035.0,0.2733333333333334,1.3699999999999999,-0.15333333333333332,81.86666666666666,-52.53,-40.54333333333333
501,1747342605280,1037.5,0.51,1.21,-0.3,155.88,-107.48,-55.11
502,1747342605290,1039.5,0.51,1.21,-0.3,155.88,-107.48,-55.11
503,1747342605300,1042.0,0.51,1.21,-0.3,155.88,-107.48,-55.10999999999999
504,1747342605310,1045.0,0.62,1.14,0.07,246.82666666666668,-83.83999999999999,28.423333333333332
505,1747342605320,1047.5,0.62,1.14,0.07,292.3,-72.02,70.19
506,1747342605330,1050.0,0.62,1.14,0.07,292.3,-72.02,70.19
507,1747342605340,1052.5,0.18,1.49,1.4,426.45,78.31,174.07
508,1747342605350,1054.5,0.18,1.49,1.4,426.45,78.31,174.07
509,1747342605360,1057.0,0.18000000000000002,1.49,1.3999999999999997,426.45,78.31,174.07000000000002
510,1747342605370,1059.5,0.18,1.49,1.4,426.45,78.31,174.07
511,1747342605380,1062.0,-0.57,0.84,3.03,338.56,116.7,331.6
512,1747342605390,1064.5,-0.57,0.84,3.03,338.56,116.7,331.6
513,1747342605400,1067.0,-0.57,0.84,3.03,338.56,116.7,331.6
514,1747342605410,1069.5,-0.625,0.58,2.33,338.56,116.7,331.6
515,1747342605420,1071.5,-0.68,0.32,1.63,253.36,-100.46,148.25
516,1747342605430,1074.0,-0.68,0.32,1.63,253.36,-100.46,148.25
517,1747342605440,1076.0,-0.68,0.32,1.63,253.36,-100.46,148.25
518,1747342605450,1078.0,-0.5066666666666667,0.3466666666666667,1.17,246.01333333333332,-81.09333333333332,110.26666666666667
519,1747342605460,1080.5,-0.42,0.36,0.94,231.32,-42.36,34.3
520,1747342605470,1083.0,-0.42,0.36000000000000004,0.94,231.32000000000002,-42.36,34.3
521,1747342605480,1085.5,-0.42,0.36,0.94,231.32,-42.36,34.3
522,1747342605490,1088.0,-0.48666666666666664,0.18000000000000002,1.3266666666666667,223.50666666666666,-24.25333333333333,77.96
523,1747342605500,1091.0,-0.52,0.09000000000000001,1.5200000000000002,219.6,-15.199999999999998,99.79
524,1747342605510,1093.5,-0.52,0.09,1.52,219.6,-15.2,99.79
525,1747342605520,1095.5,-0.52,0.09,1.52,219.6,-15.2,99.79
526,1747342605530,1097.5,-0.88,-0.95,2.69,266.11,-114.44,32.53
527,1747342605540,1100.0,-0.88,-0.9499999999999998,2.69,266.11,-114.44,32.53
528,1747342605550,1103.0,-0.88,-0.9499999999999998,2.69,266.11,-114.44,32.53
529,1747342605560,1105.5,-0.88,-0.95,2.69,266.11,-114.44,32.53
530,1747342605570,1108.0,-0.85,-1.79,3.1,19.71,71.53,122.99
531,1747342605580,1110.5,-0.85,-1.79,3.1,19.71,71.53,122.99
532,1747342605590,1113.0,-0.85,-1.79,3.1,19.71,71.53,122.99
533,1747342605600,1115.5,-0.9450000000000001,-1.685,2.8600000000000003,19.71,71.53,122.99
534,1747342605610,1117.5,-1.04,-1.58,2.62,-123.29,83.98,5.25
535,1747342605620,1120.0,-1.04,-1.58,2.62,-123.29,83.98,5.25
536,1747342605630,1122.5,-1.04,-1.58,2.62,-123.29,83.98,5.25
537,1747342605640,1125.0,-0.9666666666666667,-1.3366666666666667,2.546666666666667,-162.19000000000003,67.23666666666666,-28.19666666666667
538,1747342605650,1127.5,-0.82,-0.85,2.4,-239.99,33.75,-95.09
539,1747342605660,1130.0,-0.82,-0.85,2.4,-239.99,33.75,-95.08999999999999
540,1747342605670,1132.5,-0.82,-0.85,2.4,-239.99,33.75,-95.09
541,1747342605680,1135.0,-0.8466666666666667,-0.5566666666666666,2.2466666666666666,-258.7266666666667,40.81,-116.27
542,1747342605690,1137.5,-0.86,-0.41,2.17,-296.2,54.93,-158.63
543,1747342605700,1140.0,-0.86,-0.41,2.17,-296.2,54.93,-158.63
544,1747342605710,1143.0,-0.86,-0.41,2.17,-296.2,54.93,-158.63
545,1747342605720,1145.0,-0.56,0.04,2.19,-339.23,-9.03,-254.09
546,1747342605730,1146.0,-0.56,0.04,2.19,-339.23,-9.03,-254.09
547,1747342605740,1147.5,-0.56,0.04,2.19,-339.23,-9.03,-254.09
548,1747342605750,1150.0,-0.56,0.04,2.19,-339.23,-9.03,-254.09
549,1747342605760,1153.0,-0.46,0.7399999999999999,2.03,-385.12999999999994,-7.163333333333334,-245.05666666666664
550,1747342605770,1155.5,-0.46,0.74,2.03,-408.08,-6.23,-240.54
551,1747342605780,1158.0,-0.46,0.7399999999999999,2.03,-408.08,-6.23,-240.54
552,1747342605790,1160.5,-0.46,0.74,2.03,-408.08,-6.23,-240.54
553,1747342605800,1163.0,-0.45,1.32,1.62,-406.74,9.83,-229.86
554,1747342605810,1166.0,-0.45,1.32,1.62,-406.74,9.83,-229.86
555,1747342605820,1168.5,-0.45,1.32,1.62,-406.74,9.83,-229.86
556,1747342605830,1170.5,-0.45,1.32,1.62,-406.74,9.83,-229.86
557,1747342605840,1173.0,-0.13,1.28,1.15,-332.95,-30.27,-209.23
558,1747342605850,1175.5,-0.13,1.28,1.15,-332.95,-30.27,-209.23
559,1747342605860,1177.5,-0.13,1.28,1.15,-332.95,-30.27,-209.23
560,1747342605870,1180.0,-0.01,1.0599999999999998,0.8300000000000001,-288.4533333333333,-68.09333333333333,-170.67666666666665
561,1747342605880,1182.5,0.05,0.95,0.67,-199.46,-143.74,-93.57
562,1747342605890,1185.0,0.05000000000000001,0.9499999999999998,0.67,-199.46,-143.74,-93.57
563,1747342605900,1187.5,0.05,0.95,0.67,-199.46,-143.74,-93.57
564,1747342605910,1190.0,-0.15,1.2366666666666666,0.49666666666666665,-164.1,-102.80666666666667,-45.919999999999995
565,1747342605920,1192.5,-0.25,1.38,0.41,-93.38,-20.94,49.38
566,1747342605930,1195.0,-0.25,1.38,0.41,-93.38,-20.94,49.38
567,1747342605940,1197.5,-0.25,1.38,0.41,-93.38,-20.94,49.38
568,1747342605950,1200.0,-0.10333333333333333,1.0533333333333335,-0.056666666666666664,36.5,6.933333333333334,73.02
569,1747342605960,1202.5,-0.03,0.89,-0.29,101.44,20.87,84.84
570,1747342605970,1205.0,-0.03,0.89,-0.29,101.44,20.87,84.84
571,1747342605980,1207.5,-0.03,0.89,-0.29,101.44,20.87,84.84
572,1747342605990,1209.5,0.03,0.95,-0.13499999999999998,197.42,18.34,78.215
573,1747342606000,1211.5,0.09,1.01,0.02,293.4,15.81,71.59
574,1747342606010,1214.0,0.09000000000000001,1.01,0.02,293.4,15.81,71.59
575,1747342606020,1216.5,0.09,1.01,0.02,293.4,15.81,71.59
576,1747342606030,1219.0,0.0,1.2,1.38,353.74,75.78333333333333,118.26333333333332
577,1747342606040,1221.5,0.0,1.2,1.38,383.91,105.77,141.6
578,1747342606050,1224.0,0.0,1.2,1.38,383.91,105.77,141.6
579,1747342606060,1227.0,-0.14333333333333334,1.0433333333333332,1.5233333333333334,372.72,93.05666666666666,170.18666666666667
580,1747342606070,1229.5,-0.43,0.73,1.81,350.34,67.63,227.36
581,1747342606080,1232.0,-0.43,0.73,1.8099999999999998,350.34,67.63,227.36
582,1747342606090,1234.5,-0.43,0.73,1.81,350.34,67.63,227.36
583,1747342606100,1237.0,-0.4266666666666667,0.6699999999999999,1.6933333333333334,339.12999999999994,39.08333333333333,208.9466666666667
584,1747342606110,1239.5,-0.42,0.55,1.46,316.71,-18.01,172.12
585,1747342606120,1242.0,-0.42,0.55,1.46,316.71,-18.01,172.12
586,1747342606130,1245.0,-0.42,0.55,1.46,316.71,-18.01,172.12
587,1747342606140,1247.5,-0.41000000000000003,0.48,1.575,327.73,-34.79,169.89
588,1747342606150,1249.5,-0.4,0.41,1.69,338.75,-51.57,167.66
589,1747342606160,1252.0,-0.4000000000000001,0.41,1.6900000000000002,338.75,-51.57,167.66
590,1747342606170,1254.5,-0.4,0.41,1.69,338.75,-51.57,167.66
591,1747342606180,1257.0,-0.8933333333333332,-0.20333333333333337,2.356666666666667,323.97666666666663,-18.45,212.90666666666667
592,1747342606190,1260.0,-1.14,-0.51,2.69,316.59,-1.89,235.53
593,1747342606200,1262.5,-1.14,-0.51,2.69,316.59,-1.89,235.53
594,1747342606210,1265.0,-1.14,-0.51,2.69,316.59,-1.89,235.53
595,1747342606220,1268.0,-1.33,-1.5599999999999998,3.44,186.04,-63.23,101.26
596,1747342606230,1270.5,-1.33,-1.56,3.44,186.04,-63.23,101.26
597,1747342606240,1273.0,-1.33,-1.5599999999999998,3.44,186.04,-63.23,101.26
598,1747342606250,1275.5,-1.33,-1.56,3.44,186.04,-63.23,101.26
599,1747342606260,1278.0,-0.93,-1.87,2.7999999999999994,-5.37,25.09,39.25
600,1747342606270,1281.0,-0.93,-1.87,2.7999999999999994,-5.37,25.09,39.25
601,1747342606280,1283.5,-0.93,-1.87,2.8,-5.37,25.09,39.25
602,1747342606290,1285.5,-0.93,-1.87,2.8,-5.37,25.09,39.25
603,1747342606300,1287.0,-0.84,-1.39,2.59,-176.88,94.91,-11.96
604,1747342606310,1289.0,-0.84,-1.39,2.59,-176.88,94.91000000000001,-11.96
605,1747342606320,1291.5,-0.84,-1.39,2.59,-176.88,94.91,-11.96
606,1747342606330,1294.0,-0.7599999999999999,-0.93,2.25,-201.92333333333332,65.02333333333333,-51.370000000000005
607,1747342606340,1297.0,-0.7200000000000001,-0.6999999999999998,2.08,-252.01,5.25,-130.19
608,1747342606350,1299.0,-0.72,-0.7,2.08,-252.01,5.25,-130.19
609,1747342606360,1301.0,-0.7200000000000001,-0.6999999999999998,2.08,-252.01,5.25,-130.19
610,1747342606370,1303.5,-0.7,-0.27,2.05,-286.77,34.79,-143.58499999999998
611,1747342606380,1306.0,-0.6999999999999998,-0.27,2.05,-321.53,64.33,-156.98
612,1747342606390,1308.5,-0.7,-0.27,2.05,-321.53,64.33,-156.98
613,1747342606400,1311.0,-0.6999999999999998,-0.27,2.05,-321.53,64.33,-156.98
614,1747342606410,1313.5,-0.48,0.5,2.0,-359.465,49.315,-187.225
615,1747342606420,1316.0,-0.48,0.5,2.0,-397.3999999999999,34.3,-217.47
616,1747342606430,1318.5,-0.48,0.5,2.0,-397.4,34.3,-217.47
617,1747342606440,1321.0,-0.48,0.5,2.0,-397.3999999999999,34.3,-217.47
618,1747342606450,1323.5,-0.33,0.95,1.57,-407.84,14.83,-238.04
619,1747342606460,1325.5,-0.33,0.95,1.57,-407.84,14.83,-238.04
620,1747342606470,1328.0,-0.33,0.9499999999999998,1.57,-407.84,14.83,-238.04
621,1747342606480,1330.5,-0.33,0.95,1.57,-407.84,14.83,-238.04
622,1747342606490,1333.0,-0.15,0.96,1.09,-376.34,83.56,-189.03
623,1747342606500,1336.0,-0.15,0.96,1.09,-376.34,83.56,-189.03
624,1747342606510,1338.5,-0.15,0.96,1.09,-376.34,83.56,-189.03
625,1747342606520,1340.0,-0.15,0.96,1.09,-376.34,83.56,-189.03
626,1747342606530,1342.0,0.13,0.7600000000000001,0.69,-214.54,-99.49,-185.73
627,1747342606540,1344.5,0.13,0.76,0.69,-214.54,-99.49,-185.73
628,1747342606550,1347.0,0.13,0.7600000000000001,0.69,-214.54,-99.49,-185.73
629,1747342606560,1349.5,-0.06,0.885,0.565,-162.475,-84.475,-116.72999999999999
630,1747342606570,1352.0,-0.25,1.01,0.44,-110.41000000000001,-69.46,-47.73
631,1747342606580,1354.5,-0.25,1.01,0.44,-110.41,-69.46,-47.73
632,1747342606590,1357.0,-0.25,1.01,0.44,-110.41000000000001,-69.46,-47.73
633,1747342606600,1359.5,-0.13,1.15,0.04,-33.78,-28.414999999999996,-14.495
634,1747342606610,1362.0,-0.13,1.15,0.04,42.85,12.63,18.74
635,1747342606620,1364.5,-0.13,1.15,0.04,42.85,12.63,18.74
636,1747342606630,1367.0,-0.13,1.15,0.04,42.85,12.63,18.74
637,1747342606640,1369.5,0.1,0.89,-0.32,217.59,-51.88,49.93
638,1747342606650,1372.0,0.10000000000000002,0.89,-0.32,217.59,-51.88,49.93
639,1747342606660,1374.5,0.1,0.89,-0.32,217.59,-51.88,49.93
640,1747342606670,1376.5,0.1,0.89,-0.32,217.59,-51.88,49.93
641,1747342606680,1379.0,0.13,1.37,0.54,369.32,61.34,104.55
642,1747342606690,1382.0,0.13,1.37,0.54,369.32,61.34,104.55
643,1747342606700,1384.5,0.13,1.37,0.54,369.32,61.34,104.55
644,1747342606710,1387.0,0.04666666666666667,1.3166666666666667,0.8866666666666667,369.32,61.34,104.55
645,1747342606720,1389.5,-0.12,1.21,1.58,400.82,105.96,235.78
646,1747342606730,1392.0,-0.12,1.21,1.58,400.82,105.96,235.78
647,1747342606740,1395.0,-0.12,1.21,1.58,400.82,105.96,235.78
648,1747342606750,1397.5,-0.12,1.21,1.58,400.82,105.96,235.78
649,1747342606760,1400.0,-0.52,0.57,2.22,380.12999999999994,-23.01,186.16
650,1747342606770,1402.5,-0.52,0.57,2.22,380.13,-23.01,186.16
651,1747342606780,1405.0,-0.52,0.57,2.22,380.12999999999994,-23.01,186.16
652,1747342606790,1407.5,-0.44,0.375,2.045,349.03,-43.64,174.285
653,1747342606800,1409.5,-0.36,0.18,1.87,317.93,-64.27,162.41
654,1747342606810,1411.5,-0.36,0.18,1.87,317.93,-64.27,162.41
655,1747342606820,1414.0,-0.36000000000000004,0.18000000000000002,1.87,317.93,-64.27,162.41
656,1747342606830,1417.0,-0.54,-0.2133333333333333,2.19,301.0833333333333,-31.31,184.67
657,1747342606840,1419.5,-0.63,-0.41,2.35,292.66,-14.83,195.8
658,1747342606850,1422.0,-0.63,-0.41,2.35,292.66,-14.83,195.80000000000004
659,1747342606860,1424.5,-0.63,-0.41,2.35,292.66,-14.83,195.8
660,1747342606870,1427.0,-0.93,-1.24,3.24,218.52666666666667,-37.943333333333335,132.97333333333333
661,1747342606880,1429.5,-0.93,-1.24,3.24,181.46,-49.5,101.56
662,1747342606890,1432.0,-0.93,-1.24,3.24,181.46,-49.5,101.56
663,1747342606900,1434.5,-0.93,-1.24,3.24,181.46,-49.5,101.56
664,1747342606910,1437.0,-0.7399999999999999,-1.62,2.52,5.86,4.21,87.33999999999999
665,1747342606920,1439.5,-0.74,-1.62,2.52,5.86,4.21,87.34
666,1747342606930,1442.0,-0.7399999999999999,-1.62,2.52,5.86,4.21,87.33999999999999
667,1747342606940,1444.5,-0.925,-1.57,2.54,5.86,4.21,87.34
668,1747342606950,1447.0,-1.11,-1.5200000000000002,2.56,-105.77,116.52,51.03
669,1747342606960,1449.5,-1.11,-1.52,2.56,-105.77,116.52,51.03
670,1747342606970,1451.5,-1.11,-1.52,2.56,-105.77,116.52,51.03
671,1747342606980,1454.0,-1.0533333333333335,-1.3366666666666667,2.54,-149.23,82.05333333333333,-22.74333333333333
672,1747342606990,1456.5,-0.94,-0.97,2.5,-236.15,13.12,-170.29
673,1747342607000,1459.0,-0.94,-0.9700000000000001,2.5,-236.15,13.12,-170.29
674,1747342607010,1462.0,-0.94,-0.9700000000000001,2.5,-236.15,13.12,-170.29
675,1747342607020,1464.5,-0.6849999999999999,-0.585,2.255,-262.605,26.424999999999997,-186.70499999999998
676,1747342607030,1466.5,-0.43,-0.2,2.01,-289.06,39.73,-203.12
677,1747342607040,1469.0,-0.43,-0.20000000000000004,2.01,-289.06,39.73,-203.12
678,1747342607050,1471.5,-0.43,-0.2,2.01,-289.06,39.73,-203.12
679,1747342607060,1474.0,-0.4166666666666667,-0.05000000000000001,2.043333333333333,-312.15333333333336,61.48,-200.86333333333334
680,1747342607070,1476.5,-0.39,0.25,2.11,-358.34,104.98,-196.35
681,1747342607080,1479.0,-0.38999999999999996,0.25,2.11,-358.34,104.98,-196.35
682,1747342607090,1481.5,-0.39,0.25,2.11,-358.34,104.98,-196.35
683,1747342607100,1483.5,-0.45,0.89,1.9,-382.11,71.625,-220.33499999999998
684,1747342607110,1486.0,-0.45,0.89,1.8999999999999997,-405.87999999999994,38.27,-244.32000000000002
685,1747342607120,1489.0,-0.45,0.89,1.8999999999999997,-405.87999999999994,38.27,-244.32000000000002
686,1747342607130,1491.5,-0.45,0.89,1.9,-405.88,38.27,-244.32
687,1747342607140,1493.5,-0.32,1.11,1.48,-397.95,2.75,-262.45
688,1747342607150,1496.0,-0.32,1.11,1.4799999999999998,-397.95,2.75,-262.45
689,1747342607160,1499.0,-0.32,1.11,1.4799999999999998,-397.95,2.75,-262.45
690,1747342607170,1501.5,-0.32,1.11,1.48,-397.95,2.75,-262.45
691,1747342607180,1504.0,-0.05000000000000001,0.94,0.75,-299.13,-129.64,-237.61
692,1747342607190,1506.5,-0.05,0.94,0.75,-299.13,-129.64,-237.61
693,1747342607200,1509.0,-0.05000000000000001,0.94,0.75,-299.13,-129.64,-237.61
694,1747342607210,1511.5,-0.05,0.94,0.75,-299.13,-129.64,-237.61
695,1747342607220,1514.0,-0.21,0.88,0.08,-161.25,-43.52,-70.01
696,1747342607230,1516.5,-0.21,0.88,0.08,-161.25,-43.52,-70.01
697,1747342607240,1518.5,-0.21,0.88,0.08,-161.25,-43.52,-70.01
698,1747342607250,1521.0,-0.19666666666666666,0.9733333333333333,-0.03,-110.10333333333334,-7.060000000000002,-42.52333333333333
699,1747342607260,1524.0,-0.17,1.16,-0.25,-7.81,65.86,12.449999999999998
700,1747342607270,1526.5,-0.17,1.16,-0.25,-7.81,65.86,12.45
701,1747342607280,1529.0,-0.17,1.16,-0.25,-7.81,65.86,12.449999999999998
702,1747342607290,1531.5,-0.020000000000000004,1.025,-0.485,82.55,16.725,45.47
703,1747342607300,1533.5,0.13,0.89,-0.72,172.91,-32.41,78.49
704,1747342607310,1536.0,0.13,0.89,-0.7200000000000001,172.91,-32.41,78.49
705,1747342607320,1539.0,0.13,0.89,-0.7200000000000001,172.91,-32.41,78.49
706,1747342607330,1541.5,0.065,1.135,-0.32,278.32,-2.1949999999999985,86.455
707,1747342607340,1544.0,0.0,1.38,0.08,383.73,28.02,94.42
708,1747342607350,1546.5,0.0,1.38,0.08,383.73,28.02,94.42
709,1747342607360,1549.0,0.0,1.38,0.08,383.73,28.02,94.42
710,1747342607370,1551.5,-0.01,1.46,1.41,400.88,52.035,130.43
711,1747342607380,1553.5,-0.01,1.46,1.41,418.03,76.05,166.44
712,1747342607390,1556.0,-0.01,1.46,1.41,418.03,76.05,166.44
713,1747342607400,1558.5,-0.01,1.46,1.41,418.03,76.05,166.44
714,1747342607410,1561.0,-0.10333333333333333,1.0466666666666666,1.8233333333333333,398.49666666666667,38.81666666666666,154.48
715,1747342607420,1563.5,-0.15,0.84,2.03,388.73,20.2,148.5
716,1747342607430,1565.5,-0.15,0.84,2.03,388.73,20.2,148.5
717,1747342607440,1568.0,-0.15,0.84,2.03,388.73,20.2,148.5
718,1747342607450,1571.0,-0.04,0.5,1.87,313.96,29.66,144.47
719,1747342607460,1573.5,-0.04,0.5,1.87,313.96,29.66,144.47
720,1747342607470,1576.0,-0.04,0.5,1.87,313.96,29.66,144.47
721,1747342607480,1578.5,-0.175,0.29,2.085,304.135,30.545,176.24
722,1747342607490,1581.0,-0.31,0.08,2.3,294.31,31.429999999999996,208.01
723,1747342607500,1583.5,-0.31,0.08,2.3,294.31,31.43,208.01
724,1747342607510,1586.0,-0.31,0.08,2.3,294.31,31.429999999999996,208.01
725,1747342607520,1588.5,-0.56,-0.325,2.855,256.01,-14.620000000000001,173.095
726,1747342607530,1591.0,-0.81,-0.73,3.41,217.71,-60.669999999999995,138.18
727,1747342607540,1594.0,-0.81,-0.73,3.41,217.71,-60.669999999999995,138.18
728,1747342607550,1596.0,-0.81,-0.73,3.41,217.71,-60.67,138.18
729,1747342607560,1597.0,-0.74,-1.07,2.85,56.4,-33.45,97.05
730,1747342607570,1598.5,-0.74,-1.07,2.85,56.4,-33.45,97.05
731,1747342607580,1601.0,-0.7399999999999999,-1.07,2.85,56.4,-33.45,97.05
732,1747342607590,1604.0,-0.7399999999999999,-1.07,2.85,56.4,-33.45,97.05
733,1747342607600,1606.5,-0.89,-1.24,2.54,9.125,33.17,94.88
734,1747342607610,1609.0,-0.89,-1.24,2.54,-38.15,99.79,92.71
735,1747342607620,1611.5,-0.89,-1.24,2.54,-38.15,99.79,92.71
736,1747342607630,1614.0,-0.89,-1.24,2.54,-38.15,99.79,92.71
737,1747342607640,1616.5,-0.91,-1.01,2.48,-170.17,53.71,-54.2
738,1747342607650,1619.0,-0.91,-1.01,2.48,-170.17,53.71,-54.20000000000001
739,1747342607660,1622.0,-0.91,-1.01,2.48,-170.17,53.71,-54.20000000000001
740,1747342607670,1624.5,-0.91,-1.01,2.48,-170.17,53.71,-54.2
741,1747342607680,1627.0,-0.6633333333333334,-0.71,2.0533333333333332,-210.41,49.11000000000001,-138.79333333333332
742,1747342607690,1629.5,-0.54,-0.56,1.84,-230.53,46.81,-181.09
743,1747342607700,1632.0,-0.54,-0.56,1.84,-230.53,46.81,-181.09
744,1747342607710,1635.0,-0.48,-0.4100000000000001,1.93,-269.32666666666665,55.11333333333334,-196.04333333333332
745,1747342607720,1637.5,-0.36,-0.11,2.11,-346.92,71.72,-225.95
746,1747342607730,1640.0,-0.36000000000000004,-0.11,2.11,-346.92,71.72,-225.94999999999996
747,1747342607740,1642.5,-0.36,-0.11,2.11,-346.92,71.72,-225.95
748,1747342607750,1645.0,-0.39666666666666667,0.11000000000000003,2.0233333333333334,-371.9666666666667,45.026666666666664,-247.51666666666665
749,1747342607760,1648.0,-0.47,0.55,1.8500000000000003,-422.06,-8.36,-290.65
750,1747342607770,1650.5,-0.47,0.55,1.85,-422.06,-8.36,-290.65
751,1747342607780,1653.0,-0.47,0.55,1.8500000000000003,-422.06,-8.36,-290.65
752,1747342607790,1656.0,-0.4366666666666667,0.8966666666666668,1.5033333333333332,-428.57,-20.343333333333334,-294.31333333333333
753,1747342607800,1658.5,-0.42,1.07,1.33,-441.59,-44.31,-301.64
754,1747342607810,1661.0,-0.42,1.07,1.33,-441.59,-44.31,-301.64
755,1747342607820,1664.0,-0.42,1.07,1.33,-441.59,-44.31,-301.64
756,1747342607830,1666.5,-0.26,1.06,0.53,-390.32,-128.66,-276.12
757,1747342607840,1669.0,-0.26,1.06,0.53,-390.32,-128.66,-276.12
758,1747342607850,1671.5,-0.26,1.06,0.53,-390.32,-128.66,-276.12
759,1747342607860,1674.0,-0.26,1.06,0.53,-390.32,-128.66,-276.12
760,1747342607870,1676.5,0.07,0.68,-0.45,-158.33,-149.9,-178.28
761,1747342607880,1679.0,0.07,0.68,-0.45,-158.33,-149.9,-178.28
762,1747342607890,1681.5,0.07,0.68,-0.45,-158.33,-149.9,-178.28
763,1747342607900,1684.0,0.07,0.68,-0.45,-158.33,-149.9,-178.28
764,1747342607910,1686.5,-0.36,1.06,-0.12,-67.08,96.68,23.32
765,1747342607920,1689.0,-0.36000000000000004,1.06,-0.12,-67.08,96.68,23.320000000000004
766,1747342607930,1691.5,-0.36,1.06,-0.12,-67.08,96.68,23.32
767,1747342607940,1694.0,-0.25,0.9866666666666667,-0.26666666666666666,-67.08,96.68,23.320000000000004
768,1747342607950,1696.5,-0.03,0.84,-0.56,97.6,83.8,114.07
769,1747342607960,1699.0,-0.03,0.84,-0.56,97.59999999999998,83.8,114.07
770,1747342607970,1701.5,-0.03,0.84,-0.56,97.6,83.8,114.07
771,1747342607980,1704.0,0.006666666666666668,0.9566666666666667,-0.38000000000000006,188.46,51.330000000000005,111.57
772,1747342607990,1706.5,0.08,1.19,-0.02,370.18,-13.61,106.57
773,1747342608000,1709.0,0.08,1.19,-0.02,370.18,-13.61,106.57
774,1747342608010,1711.5,0.08,1.19,-0.02,370.18,-13.61,106.57
775,1747342608020,1713.5,-0.065,1.3599999999999999,0.7,370.18,-13.61,106.57
776,1747342608030,1716.0,-0.21,1.53,1.42,430.24,128.85,239.62
777,1747342608040,1718.5,-0.21,1.53,1.42,430.24,128.85,239.62
778,1747342608050,1721.0,-0.21,1.53,1.42,430.24,128.85,239.62
779,1747342608060,1723.5,-0.5,0.64,2.39,430.39,81.515,223.01999999999998
780,1747342608070,1725.5,-0.5,0.64,2.39,430.54,34.18,206.42
781,1747342608080,1728.0,-0.5,0.64,2.39,430.54,34.18,206.42
782,1747342608090,1730.5,-0.5,0.64,2.39,430.54,34.18,206.42
783,1747342608100,1733.0,-0.29,0.03,2.3,381.09999999999997,12.453333333333333,134.4
784,1747342608110,1735.5,-0.29,0.03,2.3,356.38,1.59,98.39
785,1747342608120,1738.0,-0.29,0.03,2.3,356.37999999999994,1.59,98.39
786,1747342608130,1740.5,-0.29,0.03,2.3,356.38,1.59,98.39
787,1747342608140,1743.0,-0.18000000000000002,-0.3,1.7700000000000002,278.3,58.876666666666665,146.36333333333332
788,1747342608150,1745.5,-0.18,-0.3,1.77,239.26,87.52,170.35
789,1747342608160,1747.5,-0.18,-0.3,1.77,239.26,87.52,170.35
790,1747342608170,1750.0,-0.18000000000000002,-0.3,1.7700000000000002,239.26,87.52,170.35
791,1747342608180,1753.0,-0.54,-0.89,2.46,237.79,-21.97,86.98
792,1747342608190,1755.5,-0.54,-0.89,2.46,237.79,-21.97,86.98
793,1747342608200,1758.0,-0.54,-0.89,2.46,237.79,-21.97,86.98
794,1747342608210,1761.0,-0.4566666666666667,-1.0366666666666668,2.61,185.97333333333333,-23.94333333333333,75.72666666666667
795,1747342608220,1764.0,-0.29,-1.33,2.91,82.34,-27.89,53.22
796,1747342608230,1766.5,-0.29,-1.33,2.91,82.34,-27.89,53.22
797,1747342608240,1769.0,-0.29,-1.33,2.91,82.34,-27.89,53.22
798,1747342608250,1771.5,-0.47,-1.415,2.66,82.34,-27.89,53.22
799,1747342608260,1774.0,-0.65,-1.5,2.41,-83.68,132.32,119.26
800,1747342608270,1777.0,-0.65,-1.5,2.41,-83.68,132.32,119.26
801,1747342608280,1779.5,-0.65,-1.5,2.41,-83.68,132.32,119.26
802,1747342608290,1782.0,-0.7633333333333333,-1.42,2.5866666666666664,-105.63333333333333,89.35333333333334,46.446666666666665
803,1747342608300,1784.5,-0.99,-1.26,2.94,-149.54,3.42,-99.18
804,1747342608310,1787.0,-0.9899999999999999,-1.26,2.94,-149.54,3.42,-99.18
805,1747342608320,1789.5,-0.99,-1.26,2.94,-149.54,3.42,-99.18
806,1747342608330,1792.0,-0.58,-0.54,2.35,-214.2733333333333,-29.986666666666665,-161.23333333333332
807,1747342608340,1795.0,-0.58,-0.54,2.35,-246.64,-46.69,-192.26
808,1747342608350,1797.5,-0.58,-0.54,2.35,-246.64,-46.69,-192.26
809,1747342608360,1799.5,-0.58,-0.54,2.35,-246.64,-46.69,-192.26
810,1747342608370,1802.0,-0.32,0.09000000000000001,1.99,-342.77,56.21,-185.49
811,1747342608380,1804.5,-0.32,0.09,1.99,-342.77,56.21,-185.49
812,1747342608390,1807.0,-0.32,0.09000000000000001,1.99,-342.77,56.21,-185.49
813,1747342608400,1810.0,-0.30333333333333334,0.28,1.9166666666666667,-360.90000000000003,47.89000000000001,-197.1866666666667
814,1747342608410,1812.5,-0.27,0.66,1.77,-397.16,31.25,-220.58
815,1747342608420,1815.0,-0.27,0.66,1.7700000000000002,-397.16,31.25,-220.58
816,1747342608430,1818.0,-0.27,0.66,1.7700000000000002,-397.16,31.25,-220.58
817,1747342608440,1820.5,-0.225,0.9450000000000001,1.545,-398.35,1.4649999999999999,-228.455
818,1747342608450,1823.0,-0.18000000000000002,1.23,1.32,-399.54,-28.320000000000004,-236.33
819,1747342608460,1825.5,-0.18,1.23,1.32,-399.54,-28.32,-236.33
820,1747342608470,1828.0,-0.18000000000000002,1.23,1.32,-399.54,-28.320000000000004,-236.33
821,1747342608480,1831.0,-0.09999999999999999,1.21,0.7799999999999999,-388.55333333333334,-46.913333333333334,-199.71
822,1747342608490,1833.5,-0.06,1.2,0.51,-383.06,-56.21,-181.4
823,1747342608500,1836.0,-0.06,1.2,0.51,-383.06,-56.21,-181.4
824,1747342608510,1838.0,-0.06,1.2,0.51,-383.06,-56.21,-181.4
825,1747342608520,1840.0,-0.06999999999999999,1.1533333333333333,0.23666666666666666,-329.7133333333333,-76.94333333333333,-142.25333333333333
826,1747342608530,1842.5,-0.09,1.06,-0.31,-223.02,-118.41,-63.96
827,1747342608540,1845.0,-0.09000000000000001,1.06,-0.31,-223.02,-118.41000000000001,-63.96
828,1747342608550,1848.0,-0.09000000000000001,1.06,-0.31,-223.02,-118.41000000000001,-63.96
829,1747342608560,1850.5,-0.44,1.33,-0.47,-121.4,-86.85499999999999,-13.855
830,1747342608570,1853.0,-0.44,1.33,-0.47,-19.78,-55.29999999999999,36.25
831,1747342608580,1855.5,-0.44,1.33,-0.47,-19.78,-55.3,36.25
832,1747342608590,1857.5,-0.44,1.33,-0.47,-19.78,-55.3,36.25
833,1747342608600,1860.0,-0.12666666666666668,1.0633333333333335,-0.8300000000000001,108.96666666666665,-11.76,53.54333333333333
834,1747342608610,1863.0,0.03,0.93,-1.01,173.34,10.01,62.19
835,1747342608620,1865.5,0.03,0.93,-1.01,173.34,10.01,62.19
836,1747342608630,1867.5,0.03,0.93,-1.01,173.34,10.01,62.19
837,1747342608640,1869.5,0.16,1.37,0.28,444.15,77.94,56.09
838,1747342608650,1872.0,0.16,1.37,0.28,444.1499999999999,77.94,56.09
839,1747342608660,1875.0,0.16,1.37,0.28,444.1499999999999,77.94,56.09
840,1747342608670,1878.0,0.07333333333333333,1.4333333333333336,1.05,448.91333333333336,92.67,114.23666666666668
841,1747342608680,1880.5,-0.1,1.56,2.59,458.44,122.13,230.53
842,1747342608690,1882.5,-0.1,1.56,2.59,458.44,122.13,230.53
843,1747342608700,1885.0,-0.10000000000000002,1.5599999999999998,2.59,458.44,122.13,230.53
844,1747342608710,1888.0,-0.4466666666666666,0.8533333333333334,2.736666666666667,438.46000000000004,16.01,194.35666666666668
845,1747342608720,1890.5,-0.62,0.5,2.81,428.47,-37.05,176.27
846,1747342608730,1893.0,-0.62,0.5,2.81,428.47,-37.05,176.27
847,1747342608740,1895.5,-0.62,0.5,2.81,428.47,-37.05,176.27
848,1747342608750,1898.0,-0.4066666666666667,0.2866666666666667,2.223333333333333,397.20000000000005,-16.64333333333333,164.79666666666665
849,1747342608760,1901.0,-0.3,0.18000000000000002,1.93,334.66,24.17,141.85
850,1747342608770,1903.5,-0.3,0.18,1.93,334.66,24.17,141.85
851,1747342608780,1906.0,-0.3,0.18000000000000002,1.93,334.66,24.17,141.85
852,1747342608790,1909.0,-0.36000000000000004,0.06,1.59,276.79333333333335,64.61666666666667,176.19000000000003
853,1747342608800,1911.5,-0.36,0.06,1.59,247.86,84.84,193.36
854,1747342608810,1914.0,-0.36000000000000004,0.06,1.59,247.86,84.84,193.36
855,1747342608820,1916.5,-0.36,0.06,1.59,247.86,84.84,193.36
856,1747342608830,1919.0,-0.6,-0.41,2.13,260.9266666666667,-28.80666666666666,121.82666666666667
857,1747342608840,1922.0,-0.6,-0.41,2.13,267.46,-85.63,86.06
858,1747342608850,1924.5,-0.6,-0.41,2.13,267.46,-85.63,86.06
859,1747342608860,1927.0,-0.5399999999999999,-0.5433333333333333,2.35,229.18999999999997,-74.48333333333333,79.63
860,1747342608870,1929.5,-0.42,-0.81,2.79,152.65,-52.19,66.77
861,1747342608880,1932.0,-0.42,-0.81,2.7900000000000005,152.65,-52.19,66.77
862,1747342608890,1934.5,-0.42,-0.81,2.79,152.65,-52.19,66.77
863,1747342608900,1937.0,-0.42,-0.81,2.7900000000000005,152.65,-52.19,66.77
864,1747342608910,1940.0,-0.63,-1.28,2.53,0.31,126.77,147.77
865,1747342608920,1942.5,-0.63,-1.28,2.53,0.31,126.77,147.77
866,1747342608930,1944.5,-0.63,-1.28,2.53,0.31,126.77,147.77
867,1747342608940,1947.0,-0.8833333333333333,-1.2333333333333334,2.8366666666666664,-33.26,94.03333333333332,96.21333333333335
868,1747342608950,1950.0,-1.01,-1.21,2.99,-100.40000000000002,28.56,-6.900000000000001
869,1747342608960,1952.5,-1.01,-1.21,2.99,-100.4,28.56,-6.9
870,1747342608970,1955.0,-1.01,-1.21,2.99,-100.40000000000002,28.56,-6.900000000000001
871,1747342608980,1957.5,-0.58,-0.56,2.34,-214.11,-47.91,-141.97
872,1747342608990,1960.0,-0.58,-0.56,2.34,-214.11,-47.91,-141.97
873,1747342609000,1962.5,-0.58,-0.56,2.34,-214.11,-47.91,-141.97
874,1747342609010,1965.0,-0.58,-0.56,2.34,-214.11,-47.91,-141.97
875,1747342609020,1967.5,-0.38,-0.09,2.0,-283.51,53.89,-144.78
876,1747342609030,1970.0,-0.38000000000000006,-0.09000000000000001,2.0,-283.51,53.89000000000001,-144.78
877,1747342609040,1972.5,-0.38,-0.09,2.0,-283.51,53.89,-144.78
878,1747342609050,1975.0,-0.37666666666666665,0.06333333333333334,2.01,-314.19,57.14666666666667,-154.46333333333334
879,1747342609060,1977.5,-0.37,0.37,2.03,-375.55,63.66,-173.83
880,1747342609070,1980.0,-0.36999999999999994,0.36999999999999994,2.03,-375.55,63.66,-173.83
881,1747342609080,1983.0,-0.36999999999999994,0.36999999999999994,2.03,-375.55,63.66,-173.83
882,1747342609090,1985.5,-0.33499999999999996,0.685,1.825,-386.65999999999997,23.529999999999998,-207.645
883,1747342609100,1988.0,-0.3,1.0,1.62,-397.77,-16.6,-241.46
884,1747342609110,1990.5,-0.3,1.0,1.62,-397.77,-16.6,-241.46
885,1747342609120,1992.5,-0.3,1.0,1.62,-397.77,-16.6,-241.46
886,1747342609130,1994.5,-0.24,1.145,1.315,-401.065,-21.82,-227.265
887,1747342609140,1996.5,-0.18,1.29,1.01,-404.36,-27.04,-213.07
888,1747342609150,1999.0,-0.18000000000000002,1.29,1.01,-404.35999999999996,-27.040000000000003,-213.07000000000002
889,1747342609160,2002.0,-0.18000000000000002,1.29,1.01,-404.35999999999996,-27.040000000000003,-213.07000000000002
890,1747342609170,2004.5,0.03,1.02,0.21,-347.045,-61.55499999999999,-194.855
891,1747342609180,2006.5,0.03,1.02,0.21,-289.73,-96.07,-176.64
892,1747342609190,2009.0,0.03,1.02,0.21,-289.73,-96.07,-176.64
893,1747342609200,2012.0,0.03,1.02,0.21,-289.73,-96.07,-176.64
894,1747342609210,2014.0,-0.11,0.76,0.07,-289.73,-96.07,-176.64
895,1747342609220,2016.0,-0.11,0.7600000000000001,0.07,-106.81,-64.09,-59.14000000000001
896,1747342609230,2018.5,-0.11,0.76,0.07,-106.81,-64.09,-59.14
897,1747342609240,2021.0,-0.11,0.7600000000000001,0.07,-106.81,-64.09,-59.14000000000001
898,1747342609250,2023.5,-0.19,1.15,-0.19,-33.39,36.01,62.74
899,1747342609260,2026.0,-0.19000000000000003,1.15,-0.19000000000000003,-33.39,36.01,62.74
900,1747342609270,2028.5,-0.19,1.15,-0.19,-33.39,36.01,62.74
901,1747342609280,2030.5,-0.19,1.15,-0.19,-33.39,36.01,62.74
902,1747342609290,2033.0,-0.08,0.93,-0.34,129.21,32.589999999999996,74.90666666666667
903,1747342609300,2035.5,-0.08,0.93,-0.34,210.51,30.88,80.99
904,1747342609310,2037.5,-0.08,0.93,-0.34,210.51,30.88,80.99
905,1747342609320,2040.0,-0.06666666666666667,1.0866666666666667,-0.04,210.51,30.88,80.99
906,1747342609330,2043.0,-0.04,1.3999999999999997,0.56,346.62000000000006,81.79,111.51
907,1747342609340,2045.5,-0.04,1.4,0.56,346.62,81.79,111.51
908,1747342609350,2048.0,-0.04,1.3999999999999997,0.56,346.62000000000006,81.79,111.51
909,1747342609360,2050.5,-0.115,1.335,1.045,367.615,92.35,142.12
910,1747342609370,2052.5,-0.19,1.27,1.53,388.61,102.91,172.73
911,1747342609380,2055.0,-0.19000000000000003,1.27,1.53,388.60999999999996,102.91000000000001,172.73
912,1747342609390,2058.0,-0.19000000000000003,1.27,1.53,388.60999999999996,102.91000000000001,172.73
913,1747342609400,2060.5,-0.225,1.025,1.585,374.145,84.015,182.31
914,1747342609410,2062.5,-0.26,0.78,1.64,359.68,65.12,191.89
915,1747342609420,2065.0,-0.26,0.7799999999999999,1.64,359.68,65.12,191.89
916,1747342609430,2067.5,-0.27,0.59,1.5,348.42,54.80500000000001,191.86
917,1747342609440,2069.5,-0.27,0.59,1.5,337.16,44.49,191.83
918,1747342609450,2072.0,-0.27,0.59,1.5,337.16,44.49,191.83
919,1747342609460,2074.5,-0.27,0.59,1.5,337.16,44.49,191.83
920,1747342609470,2077.0,-0.56,0.17,2.06,313.64000000000004,7.710000000000001,182.31000000000003
921,1747342609480,2079.5,-0.56,0.17,2.06,301.88,-10.68,177.55
922,1747342609490,2081.5,-0.56,0.17,2.06,301.88,-10.68,177.55
923,1747342609500,2084.0,-0.71,-0.07666666666666665,2.436666666666667,301.88,-10.68,177.55000000000004
924,1747342609510,2086.5,-1.01,-0.57,3.19,232.12,-13.49,164.18
925,1747342609520,2089.0,-1.01,-0.57,3.19,232.12,-13.49,164.18
926,1747342609530,2091.5,-1.01,-0.57,3.19,232.12,-13.49,164.18
927,1747342609540,2093.5,-1.01,-0.57,3.19,232.12,-13.49,164.18
928,1747342609550,2096.0,-1.09,-1.0,3.25,23.25,54.44,104.06
929,1747342609560,2098.5,-1.09,-1.0,3.25,23.25,54.44,104.06
930,1747342609570,2100.5,-1.09,-1.0,3.25,23.25,54.44,104.06
931,1747342609580,2103.0,-0.9766666666666667,-0.9733333333333333,2.65,-14.103333333333333,50.696666666666665,82.19
932,1747342609590,2105.5,-0.92,-0.96,2.35,-88.81,43.21,38.45
933,1747342609600,2108.0,-0.92,-0.96,2.35,-88.81,43.21,38.45
934,1747342609610,2110.5,-0.92,-0.96,2.35,-88.81,43.21,38.45
935,1747342609620,2112.5,-1.0050000000000001,-0.875,2.51,-127.595,48.705,-2.1999999999999993
936,1747342609630,2114.5,-1.09,-0.79,2.67,-166.38,54.2,-42.85
937,1747342609640,2116.5,-1.09,-0.79,2.67,-166.38,54.2,-42.85
938,1747342609650,2119.0,-1.09,-0.79,2.67,-166.38,54.20000000000001,-42.85
939,1747342609660,2121.5,-0.81,-0.32,2.11,-236.57,11.41,-187.44
940,1747342609670,2123.5,-0.81,-0.32,2.11,-236.57,11.41,-187.44
941,1747342609680,2126.0,-0.81,-0.32,2.11,-236.57000000000002,11.410000000000002,-187.43999999999997
942,1747342609690,2128.5,-0.81,-0.32,2.11,-236.57,11.41,-187.44
943,1747342609700,2130.5,-0.53,0.2,1.9,-287.6,27.71,-238.65
944,1747342609710,2133.0,-0.53,0.20000000000000004,1.8999999999999997,-287.6,27.709999999999997,-238.65
945,1747342609720,2136.0,-0.53,0.20000000000000004,1.8999999999999997,-287.6,27.709999999999997,-238.65
946,1747342609730,2138.5,-0.53,0.2,1.9,-287.6,27.71,-238.65
947,1747342609740,2141.0,-0.57,0.66,1.83,-388.73,98.88,-243.47
948,1747342609750,2143.5,-0.57,0.66,1.83,-388.73,98.88,-243.47
949,1747342609760,2146.0,-0.57,0.66,1.83,-388.73,98.88,-243.47
950,1747342609770,2148.5,-0.53,0.9850000000000001,1.4849999999999999,-403.165,101.44,-272.92
951,1747342609780,2151.0,-0.49,1.31,1.14,-417.6000000000001,104.0,-302.37
952,1747342609790,2153.5,-0.49,1.31,1.14,-417.6,104.0,-302.37
953,1747342609800,2156.0,-0.49,1.31,1.14,-417.6000000000001,104.0,-302.37
954,1747342609810,2158.5,-0.32,1.295,0.845,-371.4,29.355,-318.85
955,1747342609820,2161.0,-0.15,1.28,0.55,-325.2,-45.29,-335.33
956,1747342609830,2163.5,-0.15,1.28,0.55,-325.2,-45.29,-335.33
957,1747342609840,2166.0,-0.15,1.28,0.55,-325.2,-45.29,-335.33
958,1747342609850,2168.5,0.06500000000000002,1.025,0.195,-267.58,-97.625,-286.655
959,1747342609860,2171.0,0.28,0.77,-0.16,-209.96,-149.96,-237.98
960,1747342609870,2173.5,0.28,0.77,-0.16,-209.96,-149.96,-237.98
961,1747342609880,2176.0,0.28,0.77,-0.16,-209.96,-149.96,-237.98
962,1747342609890,2178.5,0.1,0.76,-0.21,-107.3,-67.14,-42.3
963,1747342609900,2181.0,0.10000000000000002,0.7600000000000001,-0.21,-107.3,-67.14,-42.3
964,1747342609910,2183.5,0.1,0.76,-0.21,-107.3,-67.14,-42.3
965,1747342609920,2186.0,0.10000000000000002,0.7600000000000001,-0.21,-107.3,-67.14,-42.3
966,1747342609930,2188.5,0.15000000000000002,0.69,-0.42,-44.644999999999996,-31.68,26.884999999999998
967,1747342609940,2190.5,0.2,0.62,-0.63,18.01,3.78,96.07
968,1747342609950,2193.0,0.20000000000000004,0.62,-0.63,18.01,3.78,96.07
969,1747342609960,2195.5,0.2,0.62,-0.63,18.01,3.78,96.07
970,1747342609970,2197.5,0.06,0.73,-0.22,271.79,-4.94,155.7
971,1747342609980,2200.0,0.06,0.73,-0.22,271.79,-4.94,155.7
972,1747342609990,2202.5,0.06,0.73,-0.22,271.79,-4.94,155.7
973,1747342610000,2205.0,-0.08666666666666667,0.8766666666666666,0.22000000000000006,308.75666666666666,8.526666666666666,177.91666666666666
974,1747342610010,2207.5,-0.38,1.17,1.1,382.69,35.46,222.35
975,1747342610020,2210.0,-0.38000000000000006,1.17,1.1,382.69,35.46,222.35
976,1747342610030,2212.5,-0.38,1.17,1.1,382.69,35.46,222.35
977,1747342610040,2215.0,-0.4533333333333333,1.0733333333333333,1.24,378.1333333333334,41.46333333333333,231.3033333333333
978,1747342610050,2217.5,-0.6,0.88,1.52,369.02,53.47,249.21
979,1747342610060,2219.5,-0.6,0.88,1.52,369.02,53.47,249.21
980,1747342610070,2222.0,-0.6,0.88,1.5200000000000002,369.02,53.47,249.21
981,1747342610080,2224.5,-0.565,0.72,1.545,352.815,34.12,216.34
982,1747342610090,2227.0,-0.53,0.56,1.57,336.61,14.770000000000001,183.47
983,1747342610100,2229.5,-0.53,0.56,1.57,336.61,14.77,183.47
984,1747342610110,2232.0,-0.53,0.56,1.57,336.61,14.770000000000001,183.47
985,1747342610120,2234.5,-0.35,0.37,1.33,282.59,-51.39,144.9
986,1747342610130,2236.5,-0.35,0.37,1.33,282.59,-51.39,144.9
987,1747342610140,2238.5,-0.35,0.37,1.33,282.59,-51.39,144.9
988,1747342610150,2240.5,-0.35,0.37,1.33,282.59,-51.39,144.9
989,1747342610160,2243.0,-0.42,0.10000000000000002,2.01,285.71,3.17,142.94
990,1747342610170,2245.5,-0.42,0.1,2.01,285.71,3.17,142.94
991,1747342610180,2247.5,-0.42,0.1,2.01,285.71,3.17,142.94
992,1747342610190,2250.0,-0.54,-0.13666666666666666,2.4266666666666663,257.49,-24.78333333333333,141.41666666666666
993,1747342610200,2252.5,-0.78,-0.61,3.26,201.05,-80.69,138.37
994,1747342610210,2255.0,-0.7799999999999999,-0.61,3.26,201.05000000000004,-80.69,138.37
995,1747342610220,2257.5,-0.78,-0.61,3.26,201.05,-80.69,138.37
996,1747342610230,2259.5,-0.815,-0.8200000000000001,3.115,124.94,-34.64,128.205
997,1747342610240,2261.5,-0.85,-1.03,2.97,48.83,11.41,118.04
998,1747342610250,2264.0,-0.85,-1.03,2.97,48.830000000000005,11.410000000000002,118.04
999,1747342610260,2267.0,-0.85,-1.03,2.97,48.830000000000005,11.410000000000002,118.04
1000,1747342610270,2269.5,-0.9099999999999999,-1.05,2.785,-7.23,33.78,87.95
